Rk,Team,Total,All_P,SP,RP,Non_P,C,1B,2B,3B
NA,NA,NA,NA,NA,NA,NA,NA,NA,NA,NA
1,NA,15.3,12.3,10.4,7.6,19.7,2,2.9,4.1,4.9
2,NA,13.7,10.8,9.3,3.8,13.8,1.9,2.8,2.2,3.3
3,NA,13.1,8,8.5,3.5,11.6,1.8,2.5,1.8,2
4,NA,12.5,7.5,5.8,3,10.4,1.8,1.6,1.7,1.8
5,NA,9.9,6.6,5.4,2.7,9.3,1.6,0.7,1.2,1.8
6,NA,9.8,6,5.3,2.4,7.7,1.5,0.7,1.1,1.7
7,NA,9.7,4.3,4.6,1.7,6.9,1.1,0.6,1,1.5
8,NA,9.5,3.6,3.6,1.6,6.3,0.9,0.4,0.9,1.1
9,NA,8.2,3.3,3.6,1.5,6.2,0.9,0.3,0.8,1
10,NA,6.1,3.3,3.2,1.1,5.7,0.9,0.3,0.7,0.9
11,NA,5.7,2.5,3,0.7,4.8,0.8,-0.1,0.4,0.7
12,NA,5.6,1.7,2.9,-0.3,4.5,0.7,-0.5,0.1,0.5
13,NA,4.2,1.3,2.9,-0.4,1.7,0.5,-0.6,0,0.4
14,NA,2.3,0.5,2.7,-0.5,1.7,0.3,-0.6,-0.1,0.4
15,NA,1.9,0.1,1.5,-0.9,0.9,0.2,-0.8,-0.3,0.3
16,NA,0.7,0,1,-1.5,0.7,0.1,-0.9,-0.3,0.2
17,NA,0.4,0,0.7,-1.8,0.2,-0.2,-1,-0.4,0.2
18,NA,-2.7,-0.9,-0.6,-2.7,-0.6,-0.2,-1.4,-0.5,0.1
19,NA,-2.8,-1.3,-1.2,-2.8,-3.2,-0.5,-1.5,-0.6,0.1
20,NA,-4,-1.8,-1.3,-2.9,-3.2,-0.6,-1.7,-0.7,-0.5
21,NA,-4.1,-2.2,-1.5,-3,-3.9,-0.7,-1.7,-0.8,-0.6
22,NA,-5.6,-2.5,-2.5,-3.1,-4.7,-0.9,-1.8,-0.9,-0.7
23,NA,-5.7,-3.8,-2.6,-3.2,-5.5,-0.9,-2,-1,-0.8
24,NA,-6,-4.5,-2.7,-3.2,-6.9,-0.9,-2.3,-1.2,-1.3
25,NA,-8.1,-6.4,-3.5,-4.1,-7.9,-1.3,-2.4,-1.5,-1.9
26,NA,-10,-6.6,-4.3,-4.3,-9,-1.6,-2.4,-1.7,-1.9
27,NA,-14.3,-6.9,-4.8,-5.2,-9.8,-1.6,-2.5,-2,-2.5
28,NA,-17.3,-7.7,-5,-5.7,-14.8,-2,-3,-2.1,-2.7
29,NA,-23.5,-13.4,-5,-8.2,-17.3,-2.8,-3.2,-2.1,-3.5
30,NA,-25.7,-14.5,-6.3,-9.1,-25.8,-3.5,-3.4,-2.8,-3.9
