"Tm","#Bat","BatAge","R/G","G.x","PA","AB","R.x","H.x","2B.x","3B.x","HR.x","RBI","SB","CS","BB.x","SO.x","BA","OBP","SLG","OPS","OPS+","TB","GDP","HBP.x","SH","SF","IBB.x","LOB.x","#Fld","RA/G.x","DefEff","G.y","GS.x","CG.x","Inn","Ch","PO","A","E","DP","Fld%","Rtot","Rtot/yr","Rdrs","Rdrs/yr","Rgood","#P","PAge","RA/G.y","W","L","W-L%","ERA","G","GS.y","GF","CG.y","tSho","cSho","SV","IP","H.y","R.y","ER","HR.y","BB.y","IBB.y","SO.y","HBP.y","BK","WP","BF","ERA+","FIP","WHIP","H9","HR9","BB9","SO9","SO/W","LOB.y","Rk","All P","SP","RP","Non-P","C","1B","2B.y","3B.y","SS","LF","CF","RF","OF (All)","DH","PH"
"Arizona Diamondbacks",51,28.6,5.47,162,6284,5522,886,1452,271,37,211,845,119,30,569,1265,0.263,0.337,0.44,0.777,114,2430,112,84,34,66,17,1111,50,4.86,0.682,162,1458,1096,12990,5848,4330,1456,62,138,0.989,-11,-1,19,2,4,33,28.6,4.86,89,73,0.549,4.62,162,162,162,0,10,0,38,1443.1,1468,788,741,181,481,32,1313,54,8,49,6195,91,4.09,1.35,9.2,1.1,3,8.2,2.73,1096,NA,NA,NA,NA,NA,NA,NA,NA,NA,NA,NA,NA,NA,NA,NA,NA
"Atlanta Braves",55,29.3,4.35,162,6075,5481,704,1333,273,15,213,674,69,20,485,1461,0.243,0.309,0.415,0.724,100,2275,119,58,9,39,11,1088,54,3.75,0.689,162,1458,1173,12990,5834,4330,1436,68,131,0.988,10,1,-4,2,8,30,31.5,3.75,89,73,0.549,3.49,162,162,160,2,17,1,40,1443.1,1277,607,559,150,449,18,1553,68,4,34,5978,120,3.44,1.196,8,0.9,2.8,9.7,3.46,1063,NA,NA,NA,NA,NA,NA,NA,NA,NA,NA,NA,NA,NA,NA,NA,NA
"Baltimore Orioles",60,26.9,4.85,162,6176,5567,786,1391,262,33,235,759,98,25,489,1359,0.25,0.315,0.435,0.751,115,2424,71,64,6,45,14,1108,58,4.31,0.704,162,1458,1084,12978,5743,4326,1336,81,100,0.986,-23,-2,14,0,-1,34,29.6,4.31,91,71,0.562,3.94,162,162,162,0,9,0,46,1442,1303,699,632,175,481,9,1380,53,8,46,6071,99,3.93,1.237,8.1,1.1,3,8.6,2.87,1062,NA,NA,NA,NA,NA,NA,NA,NA,NA,NA,NA,NA,NA,NA,NA,NA
"Boston Red Sox",57,27.3,4.64,162,6192,5577,751,1404,311,30,194,724,144,44,493,1570,0.252,0.319,0.423,0.741,108,2357,110,73,7,40,30,1116,57,4.61,0.693,162,1458,974,13074,5922,4358,1449,115,117,0.981,29,3,7,0,-8,35,29.5,4.61,81,81,0.5,4.04,162,162,161,1,13,1,40,1452.2,1363,747,652,189,461,26,1353,76,4,49,6154,103,4.1,1.256,8.4,1.2,2.9,8.4,2.93,1080,NA,NA,NA,NA,NA,NA,NA,NA,NA,NA,NA,NA,NA,NA,NA,NA
"Chicago Cubs",56,27.8,4.54,162,6116,5441,736,1318,253,29,170,696,143,30,546,1362,0.242,0.317,0.393,0.71,100,2139,89,70,17,41,19,1105,56,4.13,0.705,162,1458,1083,12891,5722,4297,1349,76,91,0.987,11,1,-9,0,3,36,29.2,4.13,83,79,0.512,3.78,162,162,161,1,11,0,38,1432.1,1302,669,602,181,485,7,1348,48,6,40,6032,106,4.04,1.248,8.2,1.1,3,8.5,2.78,1080,NA,NA,NA,NA,NA,NA,NA,NA,NA,NA,NA,NA,NA,NA,NA,NA
"Chicago White Sox",63,27.8,3.13,162,5869,5383,507,1187,226,9,133,485,90,33,395,1403,0.221,0.278,0.34,0.618,76,1830,116,43,18,27,8,1014,63,5.02,0.685,162,1458,1145,12780,5626,4260,1276,90,115,0.984,-81,-8,-16,-5,-7,35,27.7,5.02,41,121,0.253,4.67,162,162,162,0,7,0,21,1420,1397,813,737,201,643,25,1366,54,12,61,6241,89,4.55,1.437,8.9,1.3,4.1,8.7,2.12,1190,NA,NA,NA,NA,NA,NA,NA,NA,NA,NA,NA,NA,NA,NA,NA,NA
"Cincinnati Reds",61,27.1,4.31,162,5970,5325,699,1230,257,29,174,663,207,45,496,1459,0.231,0.305,0.388,0.693,88,2067,86,87,18,43,7,989,59,4.28,0.702,162,1458,1078,12852,5593,4284,1213,96,100,0.983,8,1,5,-1,0,32,29.1,4.28,77,85,0.475,4.09,162,162,161,1,8,0,36,1428,1302,694,649,196,487,14,1370,93,3,43,6064,108,4.25,1.253,8.2,1.2,3.1,8.6,2.81,1097,NA,NA,NA,NA,NA,NA,NA,NA,NA,NA,NA,NA,NA,NA,NA,NA
"Cleveland Guardians",50,26.1,4.4,161,5927,5310,708,1263,245,18,185,670,148,46,466,1196,0.238,0.307,0.395,0.703,99,2099,111,87,17,43,30,978,50,3.86,0.709,161,1449,1047,12852,5748,4284,1377,87,130,0.985,36,3,11,1,0,30,27.7,3.86,92,69,0.571,3.61,161,161,161,0,12,0,53,1428,1224,621,572,179,492,11,1410,60,5,45,5923,112,3.98,1.202,7.7,1.1,3.1,8.9,2.87,1035,NA,NA,NA,NA,NA,NA,NA,NA,NA,NA,NA,NA,NA,NA,NA,NA
"Colorado Rockies",54,27.9,4.21,162,6026,5454,682,1319,277,25,179,655,85,31,453,1617,0.242,0.304,0.4,0.704,87,2183,126,51,19,45,20,1028,54,5.73,0.671,162,1458,1154,12840,5926,4280,1564,82,164,0.986,-12,-1,-4,1,-2,33,28.2,5.73,61,101,0.377,5.47,162,162,162,0,1,0,37,1426.2,1604,929,867,221,563,12,1118,66,4,59,6322,87,4.94,1.519,10.1,1.4,3.6,7.1,1.99,1135,NA,NA,NA,NA,NA,NA,NA,NA,NA,NA,NA,NA,NA,NA,NA,NA
"Detroit Tigers",48,26.7,4.21,162,6021,5442,682,1273,244,47,162,656,76,24,476,1461,0.234,0.3,0.385,0.685,92,2097,90,52,4,41,12,1045,48,3.96,0.709,162,1458,1045,13023,5830,4341,1409,80,129,0.986,41,4,4,0,5,26,27.9,3.96,86,76,0.531,3.61,162,162,161,1,10,1,45,1447,1265,642,581,159,416,11,1354,57,5,40,5969,115,3.7,1.162,7.9,1,2.6,8.4,3.25,1012,NA,NA,NA,NA,NA,NA,NA,NA,NA,NA,NA,NA,NA,NA,NA,NA
"Houston Astros",55,28.8,4.6,161,6107,5530,740,1448,264,16,190,701,93,24,448,1176,0.262,0.322,0.418,0.741,110,2314,132,67,12,46,28,1113,55,4.03,0.704,161,1449,1091,12888,5692,4296,1312,84,130,0.985,35,3,-12,-1,3,32,29.6,4.03,88,73,0.547,3.74,161,161,159,2,11,1,43,1432,1238,649,595,183,544,2,1479,61,10,49,6018,108,4.03,1.244,7.8,1.2,3.4,9.3,2.72,1092,NA,NA,NA,NA,NA,NA,NA,NA,NA,NA,NA,NA,NA,NA,NA,NA
"Kansas City Royals",50,28,4.54,162,5982,5421,735,1343,264,35,170,711,134,31,429,1161,0.248,0.306,0.403,0.71,101,2187,95,52,23,54,22,990,50,3.98,0.696,162,1458,1052,12852,5792,4284,1423,85,125,0.985,11,1,5,4,5,31,29.1,3.98,86,76,0.531,3.76,162,162,160,2,11,0,41,1428,1303,644,596,146,472,18,1339,70,3,40,6007,110,3.76,1.243,8.2,0.9,3,8.4,2.84,1090,NA,NA,NA,NA,NA,NA,NA,NA,NA,NA,NA,NA,NA,NA,NA,NA
"Los Angeles Angels",64,27.3,3.92,162,5975,5357,635,1227,227,15,165,596,133,50,482,1416,0.229,0.301,0.369,0.671,89,1979,116,86,12,35,4,1015,64,4.92,0.704,162,1458,1159,12879,5829,4293,1439,97,152,0.983,18,2,-8,0,1,40,28.9,4.92,63,99,0.389,4.56,162,162,162,0,7,0,35,1431,1328,797,725,202,601,34,1252,81,11,61,6146,92,4.68,1.348,8.4,1.3,3.8,7.9,2.08,1077,NA,NA,NA,NA,NA,NA,NA,NA,NA,NA,NA,NA,NA,NA,NA,NA
"Los Angeles Dodgers",60,30.3,5.2,162,6255,5522,842,1423,291,26,233,815,136,23,602,1336,0.258,0.335,0.446,0.781,120,2465,99,64,10,51,33,1143,59,4.23,0.71,162,1458,1026,13011,5791,4337,1366,88,119,0.985,9,1,13,1,0,40,29.7,4.23,98,64,0.605,3.9,162,162,161,1,13,1,50,1445.2,1273,686,626,198,501,19,1390,55,7,64,6047,103,4.18,1.227,7.9,1.2,3.1,8.7,2.77,1045,NA,NA,NA,NA,NA,NA,NA,NA,NA,NA,NA,NA,NA,NA,NA,NA
"Miami Marlins",70,27.2,3.93,162,6048,5522,637,1347,243,23,150,611,125,43,403,1410,0.244,0.3,0.378,0.678,87,2086,119,55,24,41,16,1059,70,5.19,0.681,162,1458,1031,12936,5861,4312,1432,117,123,0.98,-58,-5,-8,0,-3,45,27,5.19,62,100,0.383,4.73,162,162,161,1,7,1,33,1437.1,1431,841,755,195,556,21,1317,88,8,46,6269,91,4.44,1.382,9,1.2,3.5,8.2,2.37,1144,NA,NA,NA,NA,NA,NA,NA,NA,NA,NA,NA,NA,NA,NA,NA,NA
"Milwaukee Brewers",56,26.3,4.8,162,6170,5472,777,1359,249,33,177,742,217,42,597,1459,0.248,0.326,0.403,0.729,102,2205,97,46,15,34,19,1113,56,3.96,0.709,162,1458,1103,13014,5775,4338,1348,89,113,0.985,49,5,-16,1,-1,36,29,3.96,93,69,0.574,3.65,162,162,162,0,14,0,53,1446,1289,641,586,196,494,25,1373,64,10,40,6076,115,4.19,1.233,8,1.2,3.1,8.5,2.78,1118,NA,NA,NA,NA,NA,NA,NA,NA,NA,NA,NA,NA,NA,NA,NA,NA
"Minnesota Twins",52,28.7,4.58,162,6123,5490,742,1352,309,23,183,702,65,23,473,1306,0.246,0.315,0.411,0.726,103,2256,115,101,10,47,15,1087,52,4.54,0.695,162,1458,1015,12963,5621,4321,1230,70,75,0.988,-53,-5,-10,0,3,34,27.9,4.54,82,80,0.506,4.26,162,162,161,1,8,0,43,1440.1,1333,735,682,190,433,14,1500,69,5,47,6078,99,3.84,1.226,8.3,1.2,2.7,9.4,3.46,1046,NA,NA,NA,NA,NA,NA,NA,NA,NA,NA,NA,NA,NA,NA,NA,NA
"New York Mets",59,30,4.74,162,6166,5510,768,1357,279,15,207,735,106,22,514,1382,0.246,0.319,0.415,0.734,108,2287,105,92,10,36,11,1110,57,4.3,0.704,162,1458,1028,12981,5829,4327,1408,94,127,0.984,1,0,3,0,-6,37,31,4.3,89,73,0.549,3.96,162,162,161,1,9,1,39,1442.1,1232,697,634,165,586,7,1455,94,8,67,6098,100,4.05,1.26,7.7,1,3.7,9.1,2.48,1095,NA,NA,NA,NA,NA,NA,NA,NA,NA,NA,NA,NA,NA,NA,NA,NA
"New York Yankees",54,28,5.03,162,6245,5450,815,1352,243,15,237,782,88,26,672,1326,0.248,0.333,0.429,0.761,115,2336,138,49,14,57,26,1141,52,4.12,0.703,162,1458,1153,13074,5771,4358,1320,93,112,0.984,4,0,-9,0,1,33,30.1,4.12,94,68,0.58,3.74,162,162,162,0,14,0,45,1452.2,1272,668,604,181,533,8,1457,88,11,39,6131,108,4.06,1.243,7.9,1.1,3.3,9,2.73,1129,NA,NA,NA,NA,NA,NA,NA,NA,NA,NA,NA,NA,NA,NA,NA,NA
"Oakland Athletics",55,26.5,3.97,162,6034,5432,643,1267,240,19,196,619,98,26,493,1502,0.233,0.301,0.393,0.694,101,2133,105,53,19,37,11,1073,55,4.72,0.691,162,1458,1064,12930,5754,4310,1360,84,142,0.985,-39,-4,-4,-1,-2,32,28.4,4.72,69,93,0.426,4.37,162,162,161,1,12,1,35,1436.2,1385,764,698,169,530,34,1263,92,7,60,6161,91,4.22,1.333,8.7,1.1,3.3,7.9,2.38,1113,NA,NA,NA,NA,NA,NA,NA,NA,NA,NA,NA,NA,NA,NA,NA,NA
"Philadelphia Phillies",47,29.1,4.84,162,6166,5534,784,1423,285,24,198,750,148,30,515,1370,0.257,0.325,0.425,0.75,106,2350,107,62,13,40,21,1115,47,4.14,0.692,162,1458,1116,12984,5880,4328,1467,85,120,0.986,-14,-1,0,0,-3,29,29.5,4.14,95,67,0.586,3.85,162,162,157,5,14,4,37,1442.2,1339,671,617,181,444,9,1433,60,4,48,6050,109,3.86,1.236,8.4,1.1,2.8,8.9,3.23,1073,NA,NA,NA,NA,NA,NA,NA,NA,NA,NA,NA,NA,NA,NA,NA,NA
"Pittsburgh Pirates",56,28.5,4.1,162,6086,5477,665,1283,236,17,160,643,106,19,485,1506,0.234,0.301,0.371,0.672,87,2033,100,60,16,47,14,1112,56,4.56,0.687,162,1458,1084,12948,5777,4316,1370,91,139,0.984,-22,-2,1,0,-5,32,27.4,4.56,76,86,0.469,4.15,162,162,161,1,12,0,43,1438.2,1369,739,664,166,515,16,1356,85,10,38,6159,100,4.03,1.31,8.6,1,3.2,8.5,2.63,1126,NA,NA,NA,NA,NA,NA,NA,NA,NA,NA,NA,NA,NA,NA,NA,NA
"San Diego Padres",49,29,4.69,162,6103,5526,760,1456,259,18,190,726,120,28,458,1077,0.263,0.324,0.42,0.745,107,2321,133,56,28,31,18,1068,49,4.13,0.697,162,1458,1091,12954,5690,4318,1297,75,116,0.987,-37,-3,6,0,-9,26,28.8,4.13,93,69,0.574,3.86,162,162,161,1,16,1,44,1439.1,1296,669,617,169,462,17,1453,67,5,63,6029,107,3.77,1.221,8.1,1.1,2.9,9.1,3.15,1055,NA,NA,NA,NA,NA,NA,NA,NA,NA,NA,NA,NA,NA,NA,NA,NA
"Seattle Mariners",50,28.9,4.17,162,6067,5330,676,1195,228,13,185,642,140,28,571,1625,0.224,0.311,0.376,0.687,102,2004,106,116,14,34,14,1117,50,3.75,0.724,162,1458,1057,12897,5671,4299,1293,79,95,0.986,52,5,-13,0,1,28,27.7,3.75,85,77,0.525,3.49,162,162,161,1,15,0,34,1433,1174,607,556,183,369,16,1416,52,4,37,5801,107,3.73,1.077,7.4,1.1,2.3,8.9,3.84,912,NA,NA,NA,NA,NA,NA,NA,NA,NA,NA,NA,NA,NA,NA,NA,NA
"San Francisco Giants",58,28.6,4.28,162,6062,5460,693,1303,266,30,177,661,68,22,492,1452,0.239,0.305,0.396,0.701,100,2160,115,52,10,47,15,1075,57,4.31,0.683,162,1458,1101,12903,5946,4301,1558,87,135,0.985,-44,-4,-11,1,-3,31,27.3,4.31,80,82,0.494,4.1,162,162,160,2,12,2,36,1433.2,1339,699,653,153,526,11,1436,70,6,53,6095,96,3.8,1.301,8.4,1,3.3,9,2.73,1112,NA,NA,NA,NA,NA,NA,NA,NA,NA,NA,NA,NA,NA,NA,NA,NA
"St. Louis Cardinals",44,27.6,4.15,162,6114,5507,672,1363,257,21,165,639,91,29,478,1318,0.248,0.312,0.392,0.703,97,2157,91,56,17,47,10,1149,44,4.44,0.696,162,1458,1094,12996,5932,4332,1525,75,155,0.987,-4,0,5,0,6,25,30.8,4.44,83,79,0.512,4.04,162,162,162,0,9,0,55,1444,1363,719,648,174,454,16,1308,42,5,43,6044,101,3.95,1.258,8.5,1.1,2.8,8.2,2.88,1017,NA,NA,NA,NA,NA,NA,NA,NA,NA,NA,NA,NA,NA,NA,NA,NA
"Tampa Bay Rays",54,27.2,3.73,162,6006,5389,604,1241,245,23,147,564,178,53,493,1485,0.23,0.302,0.366,0.669,92,1973,87,78,10,32,15,1099,54,4.09,0.706,162,1458,1080,12966,5677,4322,1265,90,108,0.984,15,1,-14,0,-1,30,28.3,4.09,80,82,0.494,3.77,162,162,162,0,12,0,51,1440.2,1286,663,604,196,445,15,1406,65,2,30,6022,106,4.04,1.202,8,1.2,2.8,8.8,3.16,1060,NA,NA,NA,NA,NA,NA,NA,NA,NA,NA,NA,NA,NA,NA,NA,NA
"Texas Rangers",57,28.1,4.22,162,6053,5472,683,1302,220,15,176,652,97,25,490,1284,0.238,0.305,0.38,0.686,100,2080,96,55,6,30,20,1084,56,4.56,0.702,162,1458,1143,12849,5722,4283,1366,73,106,0.987,28,3,-3,0,-6,34,31.7,4.56,78,84,0.481,4.35,162,162,162,0,12,0,38,1427.2,1323,738,690,198,530,26,1371,74,5,55,6108,87,4.32,1.298,8.3,1.2,3.3,8.6,2.59,1101,NA,NA,NA,NA,NA,NA,NA,NA,NA,NA,NA,NA,NA,NA,NA,NA
"Toronto Blue Jays",56,28,4.14,162,6060,5410,671,1306,280,26,156,640,72,16,510,1233,0.241,0.313,0.389,0.703,98,2106,126,78,14,45,18,1106,55,4.59,0.705,162,1458,1044,12846,5729,4282,1355,92,125,0.984,34,3,16,3,7,34,30.5,4.59,74,88,0.457,4.29,162,162,159,3,9,1,36,1427.1,1316,743,681,208,503,25,1314,71,12,31,6047,96,4.43,1.274,8.3,1.3,3.2,8.3,2.61,1038,NA,NA,NA,NA,NA,NA,NA,NA,NA,NA,NA,NA,NA,NA,NA,NA
"Washington Nationals",50,26.3,4.07,162,5971,5374,660,1306,267,18,135,621,223,73,456,1220,0.243,0.309,0.375,0.684,93,2014,115,73,26,40,11,1010,48,4.72,0.676,162,1458,1164,12906,5849,4302,1438,109,155,0.981,-27,-3,4,-1,-2,25,28.9,4.72,71,91,0.438,4.3,162,162,162,0,6,0,40,1434,1429,764,685,168,473,11,1314,43,5,62,6114,95,3.94,1.326,9,1.1,3,8.2,2.78,1068,NA,NA,NA,NA,NA,NA,NA,NA,NA,NA,NA,NA,NA,NA,NA,NA
